Questions,Answer
Hello! How are you doing today?,"I'm doing well, thank you! How about you?"
Hey there! What's new with you?,"Not much, just the usual. How�s everything on your end?"
Good morning! How�s your day starting off?,"It�s been nice so far, thanks! Hope yours is great too!"
How does astrology impact human life?,"Astrology suggests that different celestial bodies influence various aspects of our lives, such as our personalities, relationships, and career paths. Each zodiac sign and planet is believed to have specific qualities, and by interpreting these, astrologers aim to provide insight into individual behavior and potential life events."
Is astrology scientifically proven?,"Astrology is not supported by scientific evidence in the way fields like astronomy or physics are. While many people find value in it and feel that it provides meaningful insights, there is no empirical basis linking celestial movements to personal events or characteristics."
What is the difference between astrology and astronomy?,"Astronomy is the scientific study of stars, planets, and the universe. It uses observations and data to understand the physical properties of celestial bodies. Astrology, on the other hand, interprets the supposed influence of these celestial bodies on human lives. Astronomy is science, while astrology is a belief system or interpretive practice."
What are the zodiac signs http://www.google.com,"The zodiac signs are twelve segments of the sky, each associated with a constellation and representing different personality traits. They include Aries, Taurus, Gemini, Cancer, Leo, Virgo, Libra, Scorpio, Sagittarius, Capricorn, Aquarius, and Pisces. Each sign is linked to a range of dates based on the Sun's position at birth."
How did astrolog'y start?,"Astrology has ancient roots in Hinduism, originating in the Vedic period around 2000 BCE. Known as ""Jyotish"" in Sanskrit, it developed as sages and scholars observed celestial movements, linking them to human life and natural events. Over centuries, Hindu astrology evolved with contributions from texts like the Rigveda, Brihat Samhita, and Brihat Parashara Hora Shastra, creating a system that interprets planetary influences on individual destinies, karma, and spirituality. This deep tradition continues to shape Hindu practices and beliefs today."
"Do people really believ""e in astrology","Yes, many people around the world find value in astrology. For some, it's a form of guidance, while others enjoy its insights as a form of self-reflection or entertainment. The level of belief varies widely, from casual interest to deeply rooted belief"
What is a natal chart?,"A natal chart, or birth chart, is a map of where the planets, Sun, and Moon were positioned at the exact moment and location of your birth. Astrologers interpret this chart to provide insights into a person�s personality, life patterns, and potential paths."
Why do people follow astrology?,"People follow astrology for many reasons. Some seek self-understanding, while others find it comforting to have guidance through life�s uncertainties. For some, it�s a spiritual practice, while others see it as a source of fun and social connection."
Is astrology a religion?,"No, astrology is not a religion. It doesn�t have doctrines, deities, or organized worship. However, it can be part of a person�s spiritual or philosophical beliefs, and some may integrate it into their spiritual practices."
"What are ""houses"" in astrology?","The birth chart is divided into 12 houses, each representing different aspects of life, such as career, relationships, health, and family. The placement of planets in these houses provides insights into specific areas of life."
What is a natal chart?,"A natal chart (or birth chart) is a map of where the planets were located in the sky at the exact moment of your birth. It includes the positions of the Sun, Moon, planets, and other celestial points in the 12 zodiac signs and houses."
What is retrograde in astrology?,"When a planet appears to move backward in its orbit from Earth's perspective, it is said to be in retrograde. Retrograde periods are associated with delays, miscommunications, and re-evaluations."
Can astrology predict the future?,"Astrology doesn't predict exact events but offers insights into potential energies and trends, helping individuals make informed decisions and understand patterns in their lives."
What is the significance of an eclipse in astrology?,"Eclipses are considered powerful events in astrology. Solar eclipses often signify new beginnings, while lunar eclipses are associated with emotional revelations or endings."
What is a horoscope?,"A horoscope is an astrological chart or forecast based on the positions of celestial bodies at a specific time, usually created to provide insight into someone�s personality or predict future events."
Are zodiac signs real?,"Zodiac signs are symbolic interpretations based on ancient systems. While they are not scientifically proven, many people find them insightful or reflective of personality traits."
What is a cusp in astrology,"A cusp is the imaginary boundary between two zodiac signs. If you are born on a cusp (the transition between two signs), you might feel the influence of both signs."
Can two people of the same zodiac sign be very different?,"Yes, because a person�s full natal chart includes influences from planets, houses, and aspects beyond just the Sun sign."
Why do some people not relate to their zodiac sign?,"If someone doesn�t relate to their Sun sign, it might be because other parts of their natal chart, like the Moon or Rising sign, have a stronger influence."
What is the purpose of a natal chart?,"A natal chart provides a detailed picture of your personality, potential life path, challenges, and strengths by mapping the positions of celestial bodies at the time of your birth."
How are houses in astrology assigned?,"Houses are determined based on the time and location of your birth, dividing the sky into 12 segments. Each house governs a specific area of life (e.g., relationships, career)."
What is a stellium?,"A stellium occurs when three or more planets are in the same zodiac sign or house, intensifying the energy of that sign or house in your chart."
What does it mean when Mercury is in retrograde?,"Mercury retrograde is often associated with communication breakdowns, travel delays, and the need to revisit past issues."
What does Venus represent in astrology?,"Venus governs love, beauty, relationships, and values. Its position in your chart reveals how you approach relationships and aesthetic preferences."
What is Saturn return?,Saturn return occurs approximately every 29.5 years when Saturn returns to the position it was in at your birth. It�s often a time of major life transitions and personal growth.
What does Pluto signify in astrology?,"Pluto symbolizes transformation, power, and rebirth. Its influence often brings profound changes and personal evolution."
How does the Moon affect us in astrology?,"The Moon represents emotions, intuition, and our subconscious mind. Its phases and position in the zodiac can influence our moods and energy levels."
Can astrology be used for career advice?,"Yes, by analyzing the 10th house, Midheaven, and planetary aspects, astrology can offer insights into career strengths and paths"
Does astrology work for everyone,"While some find astrology accurate and insightful, others may not connect with it. Its effectiveness depends on personal belief and interpretation"
Can astrology predict marriage or children?,Astrology can highlight periods favorable for relationships or family growth but cannot predict exact events.
Hello! How are you doing today?,"I'm doing well, thank you! How about you?"
What is the difference between astrology and astronomy?,"Astronomy is the scientific study of stars, planets, and the universe. It uses observations and data to understand the physical properties of celestial bodies. Astrology, on the other hand, interprets the supposed influence of these celestial bodies on human lives. Astronomy is science, while astrology is a belief system or interpretive practice."
